{"cameraMode":{"drawMode":0,"name":"Shaded","section":"Shading Mode"},"sceneLighting":true,"audioPlay":false,"sceneViewState":{"showFog":true,"showMaterialUpdate":false,"showSkybox":true,"showFlares":true,"showImageEffects":true,"showParticleSystems":true},"in2DMode":false,"pivot":{"x":-108.86563110351563,"y":-18.800384521484376,"z":39.749732971191409},"rotation":{"x":-0.06980153173208237,"y":0.5572255253791809,"z":-0.04711052402853966,"w":-0.8261151909828186},"size":192.92486572265626,"orthographic":false}