{"cameraMode":{"drawMode":0,"name":"Shaded","section":"Shading Mode"},"sceneLighting":true,"audioPlay":false,"sceneViewState":{"showFog":true,"showMaterialUpdate":false,"showSkybox":true,"showFlares":true,"showImageEffects":true,"showParticleSystems":true},"in2DMode":false,"pivot":{"x":103.14546966552735,"y":-9.031063079833985,"z":-6.568033218383789},"rotation":{"x":-0.0010198166128247977,"y":0.989236056804657,"z":0.007118241395801306,"w":0.14646492898464204},"size":2.2966787815093996,"orthographic":false}