{"cameraMode":{"drawMode":0,"name":"Shaded","section":"Shading Mode"},"sceneLighting":true,"audioPlay":false,"sceneViewState":{"showFog":true,"showMaterialUpdate":false,"showSkybox":true,"showFlares":true,"showImageEffects":true,"showParticleSystems":true},"in2DMode":false,"pivot":{"x":107.29611206054688,"y":-13.342926025390625,"z":-24.142642974853517},"rotation":{"x":-0.03125550225377083,"y":0.9681377410888672,"z":-0.1570434272289276,"w":-0.19273823499679566},"size":38.474910736083987,"orthographic":false}