{"cameraMode":{"drawMode":0,"name":"Shaded","section":"Shading Mode"},"sceneLighting":true,"audioPlay":false,"sceneViewState":{"showFog":true,"showMaterialUpdate":false,"showSkybox":true,"showFlares":true,"showImageEffects":true,"showParticleSystems":true},"in2DMode":false,"pivot":{"x":107.29611206054688,"y":-13.342926025390625,"z":-24.142642974853517},"rotation":{"x":-0.0006350578041747212,"y":0.9963313341140747,"z":-0.0857052132487297,"w":-0.007484078872948885},"size":35.158103942871097,"orthographic":false}