{"cameraMode":{"drawMode":0,"name":"Shaded","section":"Shading Mode"},"sceneLighting":true,"audioPlay":false,"sceneViewState":{"showFog":true,"showMaterialUpdate":false,"showSkybox":true,"showFlares":true,"showImageEffects":true,"showParticleSystems":true},"in2DMode":false,"pivot":{"x":124.34664916992188,"y":-13.940337181091309,"z":29.513315200805665},"rotation":{"x":0.32313111424446108,"y":0.5913277268409729,"z":-0.2793489396572113,"w":0.6840762495994568},"size":13.479232788085938,"orthographic":false}