{"cameraMode":{"drawMode":0,"name":"Shaded","section":"Shading Mode"},"sceneLighting":true,"audioPlay":false,"sceneViewState":{"showFog":true,"showMaterialUpdate":false,"showSkybox":true,"showFlares":true,"showImageEffects":true,"showParticleSystems":true},"in2DMode":false,"pivot":{"x":112.93977355957031,"y":-17.768476486206056,"z":-41.863914489746097},"rotation":{"x":0.023921821266412736,"y":0.9713371396064758,"z":-0.11001193523406983,"w":0.20974953472614289},"size":24.078712463378908,"orthographic":false}