{"cameraMode":{"drawMode":0,"name":"Shaded","section":"Shading Mode"},"sceneLighting":true,"audioPlay":false,"sceneViewState":{"showFog":true,"showMaterialUpdate":false,"showSkybox":true,"showFlares":true,"showImageEffects":true,"showParticleSystems":true},"in2DMode":false,"pivot":{"x":117.71635437011719,"y":-5.985393524169922,"z":4.1495819091796879},"rotation":{"x":-0.18660016357898713,"y":0.7448944449424744,"z":-0.23324716091156007,"w":-0.5967053174972534},"size":61.1484260559082,"orthographic":false}